{
    "+traits": [
        "noapplet",
        "legacyLaunch",
        "texturepacks"
    ],
    "assetIndex": {
        "id": "pre-1.6",
        "sha1": "4759bad2824e419da9db32861fcdc3a274336532",
        "size": 73813,
        "totalSize": 49381897,
        "url": "https://launchermeta.mojang.com/v1/packages/4759bad2824e419da9db32861fcdc3a274336532/pre-1.6.json"
    },
    "formatVersion": 1,
    "jarMods": [
        {
            "MMC-displayname": "NFC v3.5.3_01.jar",
            "MMC-filename": "NFC v3.5.3_01.jar",
            "MMC-hint": "local",
            "name": "org.multimc.jarmods:NFC v3.5.3_01.jar:0"
        }
    ],
    "libraries": [
        {
            "name": "com.mojang:authlib:1.5.24"
        },
        {
            "name": "com.google.code.gson:gson:2.2.4"
        },
        {
            "name": "org.apache.logging.log4j:log4j-api:2.15.0"
        },
        {
            "name": "org.apache.logging.log4j:log4j-core:2.15.0"
        },
        {
            "name": "org.apache.commons:commons-lang3:3.1"
        },
        {
            "name": "commons-codec:commons-codec:1.9"
        },
        {
            "name": "commons-io:commons-io:2.4"
        },
        {
            "name": "com.google.guava:guava:15.0"
        },
		{
            "name": "ears-common-legacy:ears-common-legacy:1.4.7",
            "MMC-hint" : "local"
        }
    ],
    "mainJar": {
        "downloads": {
            "artifact": {
                "sha1": "43db9b498cb67058d2e12d394e6507722e71bb45",
                "size": 1465375,
                "url": "https://launcher.mojang.com/v1/objects/43db9b498cb67058d2e12d394e6507722e71bb45/client.jar"
            }
        },
        "name": "com.mojang:minecraft:b1.7.3:client"
    },
    "minecraftArguments": "${auth_player_name} ${auth_uuid} ${auth_access_token}",
    "name": "NFC v3.5.3_01",
    "releaseTime": "2011-07-08T00:00:00+02:00",
    "requires": [
        {
            "suggests": "2.9.3",
            "uid": "org.lwjgl"
        }
    ],
    "type": "old_beta",
    "uid": "net.minecraft",
    "version": "3.5.3_01"
}
