{
    "components": [
        {
            "cachedName": "LWJGL 2",
            "cachedVersion": "2.9.3",
            "cachedVolatile": true,
            "dependencyOnly": true,
            "uid": "org.lwjgl",
            "version": "2.9.3"
        },
        {
            "cachedName": "NFC v3.5.3_01",
            "cachedRequires": [
                {
                    "suggests": "2.9.3",
                    "uid": "org.lwjgl"
                }
            ],
            "cachedVersion": "3.5.3_01",
            "important": true,
            "uid": "net.minecraft",
            "version": "b1.7.3"
        }
    ],
    "formatVersion": 1
}
