{
    "components": [
        {
            "cachedName": "LWJGL 2",
            "cachedVersion": "2.9.4-nightly-20150209",
            "cachedVolatile": true,
            "dependencyOnly": true,
            "uid": "org.lwjgl",
            "version": "2.9.4-nightly-20150209"
        },
        {
            "cachedName": "Minecraft",
            "cachedRequires": [
                {
                    "suggests": "2.9.0",
                    "uid": "org.lwjgl"
                }
            ],
            "cachedVersion": "a1.1.12",
            "important": true,
            "uid": "net.minecraft",
            "version": "a1.1.2_01"
        },
        {
            "cachedName": "Beta chunk cache backport (jar mod)",
            "uid": "custom.jarmod.faf69c69-6456-462c-be4e-484abdb8c200"
        },
        {
            "cachedName": "Ears_1.1.12_v1.1 (jar mod)",
            "uid": "custom.jarmod.d0bbe26c-0f92-4aab-ad8f-23f89a9b9e70"
        }
    ],
    "formatVersion": 1
}
