{
    "+traits": [
        "noapplet",
        "legacyLaunch",
        "no-texturepacks"
    ],
    "assetIndex": {
        "id": "legacy",
        "sha1": "770572e819335b6c0a053f8378ad88eda189fc14",
        "size": 109634,
        "totalSize": 153475165,
        "url": "https://launchermeta.mojang.com/v1/packages/770572e819335b6c0a053f8378ad88eda189fc14/legacy.json"
    },
    "formatVersion": 1,
    "mainJar": {
        "downloads": {
            "artifact": {
                "sha1": "daa4b9f192d2c260837d3b98c39432324da28e86",
                "size": 897164,
                "url": "https://launcher.mojang.com/v1/objects/daa4b9f192d2c260837d3b98c39432324da28e86/client.jar"
            }
        },
        "name": "com.mojang:minecraft:a1.1.2_01:client"
    },
    "mainClass": "com.mojang.minecraft.Minecraft",
    "name": "Minecraft",
    "releaseTime": "2010-05-27T00:00:00+02:00",
    "requires": [
        {
            "suggests": "2.9.3",
            "uid": "org.lwjgl"
        }
    ],
    "type": "old_alpha",
    "uid": "net.minecraft",
    "version": "a1.1.11_111+",
    "jarMods": [
        {
            "MMC-displayname": "a1.1.11_111+",
            "MMC-filename": "a1.1.11_111+.jar",
            "MMC-hint": "local",
            "name": "org.multimc.jarmods:a1.1.11_111+:1"
        }
    ],
    "minecraftArguments": "${auth_player_name} ${auth_uuid} ${auth_session} --gameDir ${game_directory} --assetsDir ${assets_root}"
}
