{
    "components": [
        {
            "cachedName": "LWJGL 2",
            "cachedVersion": "2.9.3",
            "cachedVolatile": true,
            "dependencyOnly": true,
            "uid": "org.lwjgl",
            "version": "2.9.3"
        },
        {
            "cachedName": "Minecraft",
            "cachedRequires": [
                {
                    "suggests": "2.9.3",
                    "uid": "org.lwjgl"
                }
            ],
            "cachedVersion": "a1.1.11_111+",
            "important": true,
            "uid": "net.minecraft",
            "version": "a1.1.2_01"
        }
    ],
    "formatVersion": 1
}
